<?xml version="1.0" encoding="UTF-8" ?>
<?xml-stylesheet type="text/xsl" href="impact.xsl" ?>
<document>
<!--The data in this file is primarily intended for consumption by Xilinx tools.
The structure and the elements are likely to change over the next few releases.
This means code written to parse this file will need to be revisited each subsequent release.-->
<application name="impact" timeStamp="Fri Oct 11 13:04:19 2013">
<section name="iMPACT Project Info" visible="true">
<property name="Use Project File" value="Yes"/>
<property name="Project Entry" value="ise"/>
<property name="OS Name" value="Microsoft Windows 7 (64 Bit)"/>
<property name="User Lic. Info" value="No user information available."/>
</section>
<section name="iMPACT Boundary Scan Mode" visible="true">
<item name="Chain Summary">
<property name="Number of device" value="1"/>
<property name="Number of Xilinx device" value="1"/>
<property name="Number of Non-Xilinx device" value="0"/>
</item>
<item name="Chain Description">
<property name="Device1" value="xc9500"/>
<property name="Part1" value="xc9536"/>
</item>
<item name="Boundary Scan Operations Statistics">
<property name="BSCAN Operation" value="Verify -p 0
"/>
<property name="BSCAN Operation" value="Verify -p 0
"/>
<property name="BSCAN Operation" value="Erase -p 0
"/>
<property name="BSCAN Operation" value="Program -p 0 -e -v
"/>
<property name="BSCAN Operation" value="Verify -p 0
"/>
</item>
<item name="Cable Summary">
<property name="Cable Type" value="Parallel III"/>
<property name="Cable Speed" value="200 KHz"/>
<property name="Port" value="LPT1"/>
<property name="Local_Server_Mode" value="Local"/>
</item>
</section>
</application>
</document>
