<?xml version='1.0' encoding='utf-8' ?>
<!DOCTYPE document SYSTEM "file:///C:/Xilinx/13_3/ISE_DS/ISE/xc9500/data/xmlReport9k.dtd">
<document><ascFile>schaltung.rpt</ascFile><devFile>C:/Xilinx/13_3/ISE_DS/ISE/xc9500/data/xc9536.chp</devFile><mfdFile>schaltung.mfd</mfdFile><htmlFile logic_legend="logiclegend.htm" logo="xc9500_logo.jpg" pin_legend="pinlegend.htm"/><header date=" 2-25-2012" design="schaltung" device="XC9536" eqnType="1" pkg="PC44" speed="-15" status="1" statusStr="Successful" swVersion="O.76xd" time="  4:56PM" version="1.0"/><inputs id="MEI" userloc="P19"/><inputs id="ADR2" userloc="P11"/><inputs id="ADR3" userloc="P12"/><inputs id="ADR4" userloc="P9"/><inputs id="ADR5" userloc="P8"/><inputs id="ADR6" userloc="P4"/><inputs id="ADR7" userloc="P3"/><inputs id="IORQ" userloc="P43"/><inputs id="ADR1" userloc="P14"/><inputs id="ADR0" userloc="P13"/><inputs id="MAD" userloc="P22"/><inputs id="ADR9" userloc="P1"/><inputs id="ADR8" userloc="P2"/><inputs id="WR" userloc="P44"/><inputs id="RD" userloc="P38"/><inputs id="RESET_EIN" userloc="P18"/><inputs id="D0" userloc="P28"/><pin id="FB1_MC1_PIN2" pinnum="2" signal="ADR8" use="I"/><pin id="FB1_MC2_PIN3" pinnum="3" signal="ADR7" use="I"/><pin id="FB1_MC3_PIN5" pinnum="5"/><pin id="FB1_MC4_PIN4" pinnum="4" signal="ADR6" use="I"/><pin id="FB1_MC5_PIN6" pinnum="6"/><pin id="FB1_MC6_PIN8" pinnum="8" signal="ADR5" use="I"/><pin id="FB1_MC7_PIN7" pinnum="7"/><pin id="FB1_MC8_PIN9" pinnum="9" signal="ADR4" use="I"/><pin id="FB1_MC9_PIN11" pinnum="11" signal="ADR2" use="I"/><pin id="FB1_MC10_PIN12" pinnum="12" signal="ADR3" use="I"/><pin id="FB1_MC11_PIN13" pinnum="13" signal="ADR0" use="I"/><pin id="FB1_MC12_PIN14" pinnum="14" signal="ADR1" use="I"/><pin id="FB1_MC13_PIN18" pinnum="18" signal="RESET_EIN" use="I"/><pin id="FB1_MC14_PIN19" pinnum="19" signal="MEI" use="I"/><pin id="FB1_MC15_PIN20" pinnum="20" signal="MEO" use="O"/><pin id="FB1_MC16_PIN22" pinnum="22" signal="MAD" use="I"/><pin id="FB1_MC17_PIN24" pinnum="24"/><pin id="FB2_MC1_PIN1" pinnum="1" signal="ADR9" use="I"/><pin id="FB2_MC2_PIN44" pinnum="44" signal="WR" use="I"/><pin id="FB2_MC3_PIN42" pinnum="42"/><pin id="FB2_MC4_PIN43" pinnum="43" signal="IORQ" use="I"/><pin id="FB2_MC5_PIN40" pinnum="40"/><pin id="FB2_MC6_PIN39" pinnum="39"/><pin id="FB2_MC7_PIN38" pinnum="38" signal="RD" use="I"/><pin id="FB2_MC8_PIN37" pinnum="37" signal="STRUKT" use="O"/><pin id="FB2_MC9_PIN36" pinnum="36"/><pin id="FB2_MC10_PIN35" pinnum="35" signal="CS" use="O"/><pin id="FB2_MC11_PIN34" pinnum="34"/><pin id="FB2_MC12_PIN33" pinnum="33" signal="RESET_AUS" use="O"/><pin id="FB2_MC13_PIN29" pinnum="29" signal="LED" slew="SLOW" use="O"/><pin id="FB2_MC14_PIN28" pinnum="28" signal="D0" use="I"/><pin id="FB2_MC15_PIN27" pinnum="27"/><pin id="FB2_MC16_PIN26" pinnum="26"/><pin id="FB2_MC17_PIN25" pinnum="25"/><fblock id="FB1" inputUse="9" pinUse="13"><macrocell id="FB1_MC1" pin="FB1_MC1_PIN2"/><macrocell id="FB1_MC2" pin="FB1_MC2_PIN3"/><macrocell id="FB1_MC3" pin="FB1_MC3_PIN5"/><macrocell id="FB1_MC4" pin="FB1_MC4_PIN4"/><macrocell id="FB1_MC5" pin="FB1_MC5_PIN6"/><macrocell id="FB1_MC6" pin="FB1_MC6_PIN8"/><macrocell id="FB1_MC7" pin="FB1_MC7_PIN7"/><macrocell id="FB1_MC8" pin="FB1_MC8_PIN9"/><macrocell id="FB1_MC9" pin="FB1_MC9_PIN11"/><macrocell id="FB1_MC10" pin="FB1_MC10_PIN12"/><macrocell id="FB1_MC11" pin="FB1_MC11_PIN13"/><macrocell id="FB1_MC12" pin="FB1_MC12_PIN14"/><macrocell id="FB1_MC13" pin="FB1_MC13_PIN18"/><macrocell id="FB1_MC14" pin="FB1_MC14_PIN19"/><macrocell id="FB1_MC15" pin="FB1_MC15_PIN20" sigUse="9" signal="MEO"><pterms pt1="FB1_15_1" pt2="FB1_15_2"/></macrocell><macrocell id="FB1_MC16" pin="FB1_MC16_PIN22"/><macrocell id="FB1_MC17" pin="FB1_MC17_PIN24"/><macrocell id="FB1_MC18"/><fbinput id="FB1_I1" signal="ADR2"/><fbinput id="FB1_I2" signal="ADR3"/><fbinput id="FB1_I3" signal="ADR4"/><fbinput id="FB1_I4" signal="ADR5"/><fbinput id="FB1_I5" signal="ADR6"/><fbinput id="FB1_I6" signal="ADR7"/><fbinput id="FB1_I7" signal="IORQ"/><fbinput id="FB1_I8" signal="LED"/><fbinput id="FB1_I9" signal="MEI"/><pterm id="FB1_15_1"><signal id="MEI" negated="ON"/></pterm><pterm id="FB1_15_2"><signal id="ADR3" negated="ON"/><signal id="ADR2" negated="ON"/><signal id="ADR7"/><signal id="ADR6"/><signal id="ADR5" negated="ON"/><signal id="ADR4" negated="ON"/><signal id="IORQ" negated="ON"/><signal id="LED" negated="ON"/></pterm><equation id="MEO" negated="ON" userloc="P20"><d2><eq_pterm ptindx="FB1_15_1"/><eq_pterm ptindx="FB1_15_2"/></d2></equation></fblock><fblock id="FB2" inputUse="19" pinUse="9"><macrocell id="FB2_MC1" pin="FB2_MC1_PIN1"/><macrocell id="FB2_MC2" pin="FB2_MC2_PIN44"/><macrocell id="FB2_MC3" pin="FB2_MC3_PIN42"/><macrocell id="FB2_MC4" pin="FB2_MC4_PIN43"/><macrocell id="FB2_MC5" pin="FB2_MC5_PIN40"/><macrocell id="FB2_MC6" pin="FB2_MC6_PIN39"/><macrocell id="FB2_MC7" pin="FB2_MC7_PIN38"/><macrocell id="FB2_MC8" pin="FB2_MC8_PIN37" sigUse="13" signal="STRUKT"><pterms pt1="FB2_8_1"/></macrocell><macrocell id="FB2_MC9" pin="FB2_MC9_PIN36"/><macrocell id="FB2_MC10" pin="FB2_MC10_PIN35" sigUse="9" signal="CS"><pterms pt1="FB2_10_1"/></macrocell><macrocell id="FB2_MC11" pin="FB2_MC11_PIN34"/><macrocell id="FB2_MC12" pin="FB2_MC12_PIN33" sigUse="1" signal="RESET_AUS"><pterms pt1="FB2_12_1"/></macrocell><macrocell id="FB2_MC13" pin="FB2_MC13_PIN29" sigUse="2" signal="LED"><pterms pt1="FB2_13_1" pt2="FB2_13_2"/></macrocell><macrocell id="FB2_MC14" pin="FB2_MC14_PIN28"/><macrocell id="FB2_MC15" pin="FB2_MC15_PIN27"/><macrocell id="FB2_MC16" pin="FB2_MC16_PIN26"/><macrocell id="FB2_MC17" pin="FB2_MC17_PIN25"/><macrocell id="FB2_MC18" sigUse="13" signal="XLXN_55XLXN_55_CLKF_SPECSIG"><pterms pt1="FB2_18_1"/></macrocell><fbinput id="FB2_I1" signal="ADR0"/><fbinput id="FB2_I2" signal="ADR1"/><fbinput id="FB2_I3" signal="ADR2"/><fbinput id="FB2_I4" signal="ADR3"/><fbinput id="FB2_I5" signal="ADR4"/><fbinput id="FB2_I6" signal="ADR5"/><fbinput id="FB2_I7" signal="ADR6"/><fbinput id="FB2_I8" signal="ADR7"/><fbinput id="FB2_I9" signal="ADR8"/><fbinput id="FB2_I10" signal="ADR9"/><fbinput id="FB2_I11" signal="D0"/><fbinput id="FB2_I12" signal="IORQ"/><fbinput id="FB2_I13" signal="LED"/><fbinput id="FB2_I14" signal="MAD"/><fbinput id="FB2_I15" signal="MEI"/><fbinput id="FB2_I16" signal="RD"/><fbinput id="FB2_I17" signal="RESET_EIN"/><fbinput id="FB2_I18" signal="WR"/><fbinput id="FB2_I19" signal="XLXN_55XLXN_55_CLKF_SPECSIG"/><pterm id="FB2_8_1"><signal id="ADR3" negated="ON"/><signal id="ADR2" negated="ON"/><signal id="ADR1" negated="ON"/><signal id="ADR0" negated="ON"/><signal id="ADR7"/><signal id="ADR6" negated="ON"/><signal id="ADR5" negated="ON"/><signal id="ADR4" negated="ON"/><signal id="MAD" negated="ON"/><signal id="IORQ" negated="ON"/><signal id="ADR9" negated="ON"/><signal id="ADR8" negated="ON"/><signal id="RD" negated="ON"/></pterm><pterm id="FB2_10_1"><signal id="MEI"/><signal id="ADR3" negated="ON"/><signal id="ADR2" negated="ON"/><signal id="ADR7"/><signal id="ADR6"/><signal id="ADR5" negated="ON"/><signal id="ADR4" negated="ON"/><signal id="IORQ" negated="ON"/><signal id="LED" negated="ON"/></pterm><pterm id="FB2_12_1"><signal id="RESET_EIN" negated="ON"/></pterm><pterm id="FB2_13_1"><signal id="D0" negated="ON"/></pterm><pterm id="FB2_13_2"><signal id="XLXN_55XLXN_55_CLKF_SPECSIG" negated="ON"/></pterm><pterm id="FB2_18_1"><signal id="ADR3" negated="ON"/><signal id="ADR2" negated="ON"/><signal id="ADR1" negated="ON"/><signal id="ADR0" negated="ON"/><signal id="ADR7"/><signal id="ADR6" negated="ON"/><signal id="ADR5" negated="ON"/><signal id="ADR4" negated="ON"/><signal id="MAD" negated="ON"/><signal id="IORQ" negated="ON"/><signal id="ADR9" negated="ON"/><signal id="ADR8" negated="ON"/><signal id="WR" negated="ON"/></pterm><equation id="STRUKT" negated="ON" userloc="P37"><d2><eq_pterm ptindx="FB2_8_1"/></d2></equation><equation id="CS" negated="ON" userloc="P35"><d2><eq_pterm ptindx="FB2_10_1"/></d2></equation><equation id="RESET_AUS" userloc="P33"><d2><eq_pterm ptindx="FB2_12_1"/></d2></equation><equation id="LED" regUse="D" userloc="P29"><d2><eq_pterm ptindx="FB2_13_1"/></d2><clk><eq_pterm ptindx="FB2_13_2"/></clk><prld ptindx="VCC"/></equation><equation id="XLXN_55XLXN_55_CLKF_SPECSIG"><d2><eq_pterm ptindx="FB2_18_1"/></d2></equation></fblock><vcc/><gnd/><messages><warning>Cpld - Unable to retrieve the path to the iSE Project Repository. Will   use the default filename of 'schaltung.ise'.</warning></messages><compOpts exhaust="OFF" gclkopt="ON" gsropt="ON" gtsopt="ON" ignorets="OFF" inputs="36" keepio="OFF" loc="ON" localfbk="ON" mlopt="ON" optimize="DENSITY" part="xc9536-15-PC44" pinfbk="ON" power="STD" prld="LOW" pterms="25" slew="FAST" uim="ON" unused="OFF" wysiwyg="OFF"/><specSig signal="XLXN_55XLXN_55_CLKF_SPECSIG" value="XLXN_55/XLXN_55_CLKF"/></document>
