{
   "file_counts" : 13,
   "file_list" : [
      {
         "file_describe_code" : 0,
         "file_name" : "raf2014.Bot",
         "layer_name" : "bl"
      },
      {
         "file_describe_code" : 0,
         "file_name" : "raf2014.Drill.exc",
         "layer_name" : "drl"
      },
      {
         "file_describe_code" : 2,
         "file_name" : "raf2014.Outline",
         "layer_name" : "gko"
      },
      {
         "file_describe_code" : 0,
         "file_name" : "raf2014.StopBot",
         "layer_name" : "bs"
      },
      {
         "file_describe_code" : 0,
         "file_name" : "raf2014.StopTop",
         "layer_name" : "ts"
      },
      {
         "file_describe_code" : 0,
         "file_name" : "raf2014.Top",
         "layer_name" : "tl"
      },
      {
         "file_describe_code" : 3,
         "file_name" : "raf2014__bottom_loetstopp.gbr",
         "layer_name" : "nil"
      },
      {
         "file_describe_code" : 3,
         "file_name" : "raf2014__bottom_seite.gbr",
         "layer_name" : "nil"
      },
      {
         "file_describe_code" : 3,
         "file_name" : "raf2014__drills_holes.exc",
         "layer_name" : "nil"
      },
      {
         "file_describe_code" : 3,
         "file_name" : "raf2014__kontur.gbr",
         "layer_name" : "nil"
      },
      {
         "file_describe_code" : 3,
         "file_name" : "raf2014__top_bestueckungsdruck.gbr",
         "layer_name" : "nil"
      },
      {
         "file_describe_code" : 3,
         "file_name" : "raf2014__top_loetstopp.gbr",
         "layer_name" : "nil"
      },
      {
         "file_describe_code" : 3,
         "file_name" : "raf2014__top_seite.gbr",
         "layer_name" : "nil"
      }
   ]
}
